{
  "batches_completed": 1,
  "loss_history": {
    "total": [
      776.93017578125
    ],
    "position": [
      384.9466552734375
    ],
    "muscle": [
      24.628768920898438
    ],
    "hidden": [
      0.0009058897267095745
    ],
    "hidden_derivative": [
      0.7673408389091492
    ],
    "jerk": [
      366.5864562988281
    ]
  }
}